{
    "@id": "dtmi:DigitalTwin:CheeseFactory;1",
    "@type": "Interface",
    "displayName": "CheeseFactory",
    "@context": "dtmi:dtdl:context;2",
    "contents": [
        {
            "@type": "Property",
            "name": "id",
            "schema": "string"
        },
        {
            "@type": "Property",
            "name": "name",
            "schema": "string"
        },
        {
            "@type": "Property",
            "name": "type",
            "schema": "string"
        },
        {
            "@type": "Property",
            "name": "location",
            "schema": {
                "type": "object",
                "fields": [
                    {
                        "name": "latitude",
                        "type": "double"
                    },
                    {   
                        "name": "longitude",
                        "type": "double"
                    },
                    {
                        "name": "street",
                        "type": "string"
                    },
                    {
                        "name": "city",
                        "type": "string"
                    },
                    {
                        "name": "country",
                        "type": "string"
                    }
                ]
            }
        },
        {
            "@type": "Property",
            "name": "certification",
            "schema": "string"
        },
        {
            "@type": "Property",
            "name": "contact",
            "schema": "string"
        },
        {
            "@type": "Property",
            "name": "ecological_footprint",
            "schema": "double"
        },
        {
            "@type": "Property",
            "name": "waste_generation",
            "schema": "double"
        },
        {
            "@type": "Property",
            "name": "waste_management_types",
            "schema": "string"
        },
        {
            "@type": "Property",
            "name": "raw_materials",
            "schema": "string"
        },
        {
            "@type": "Property",
            "name": "cheese_production_capacity",
            "schema": "double"
        },
        {
            "@type": "Property",
            "name": "energy_consumption",
            "schema": "double"
        },
        {
            "@type": "Property",
            "name": "water_consumption",
            "schema": "double"
        },
        {
            "@type": "Property",
            "name": "price_per_unit",
            "schema": "double"
        },
        {
            "@type": "Property",
            "name": "annual_profit",
            "schema": "double"
        },
        {
            "@type": "Property",
            "name": "annual_expenses",
            "schema": "double"
        },
        {
            "@type": "Property",
            "name": "num_employees",
            "schema": "integer"
        },
        {
            "@type": "Property",
            "name": "num_female_employees",
            "schema": "integer"
        },
        {
            "@type": "Property",
            "name": "num_male_employees",
            "schema": "integer"
        },
        {
            "@type": "Property",
            "name": "timestamp",
            "schema": "dateTime"
        },
        {
            "@type": "Property",
            "name": "last_audit",
            "schema": "dateTime"
        },
        {
            "@type": "Relationship",
            "name": "produces",
            "target": "dtmi:DigitalTwin:Product;1"
        },
        {
            "@type": "Relationship",
            "name": "use",
            "target": "dtmi:DigitalTwin:RawProduct;1"
        }
    ]
}