{
    "@id": "dtmi:DigitalTwin:PolicyMaker;1",
    "@type": "Interface",
    "displayName": "PolicyMaker",
    "@context": "dtmi:dtdl:context;2",
    "contents": [
        {
            "@type": "Property",
            "name": "id",
            "schema": "string"
        },
        {
            "@type": "Property",
            "name": "name",
            "schema": "string"
        },
        {
            "@type": "Property",
            "name": "institution",
            "schema": "string"
        },
        {
            "@type": "Property",
            "name": "role",
            "schema": "string"
        },
        {
            "@type": "Property",
            "name": "regulations",
            "schema": "string"
        },
        {
            "@type": "Property",
            "name": "contact",
            "schema": "string"
        },
        {
            "@type": "Property",
            "name": "region",
            "schema": "string"
        },
        {
            "@type": "Property",
            "name": "decision_level",
            "schema": "string"
        }
    ]
}