{
    "@id": "dtmi:DigitalTwin:Producer;1",
    "@type": "Interface",
    "displayName": "Producer",
    "@context": "dtmi:dtdl:context;2",
    "contents": [
        {
            "@type": "Property",
            "name": "id",
            "schema": "string"
        },
        {
            "@type": "Property",
            "name": "name",
            "schema": "string"
        },
        {
            "@type": "Property",
            "name": "type",
            "schema": "string"
        },
        {
            "@type": "Property",
            "name": "pest_control_techniques",
            "schema": "string",
            "description": "Lista de técnicas de controlo de pragas separadas por ponto e vírgula (;)"
        },
        {
            "@type": "Property",
            "name": "location",
            "schema": {
                "type": "object",
                "fields": [
                    {
                        "name": "latitude",
                        "type": "double"
                    },
                    {   
                        "name": "longitude",
                        "type": "double"
                    },
                    {
                        "name": "street",
                        "type": "string"
                    },
                    {
                        "name": "city",
                        "type": "string"
                    },
                    {
                        "name": "country",
                        "type": "string"
                    }
                ]
            }
        },
        {
            "@type": "Property",
            "name": "certification",
            "schema": "string"
        },
        {
            "@type": "Property",
            "name": "contact",
            "schema": "string"
        },
        {
            "@type": "Property",
            "name": "production_capacity",
            "schema": "double"
        },
        {
            "@type": "Property",
            "name": "ecological_footprint",
            "schema": "double"
        },
        {
            "@type": "Property",
            "name": "waste_generation",
            "schema": "double"
        },
        {
            "@type": "Property",
            "name": "waste_management_types",
            "schema": "string",
            "description": "Lista de tipos de gestão de resíduos separadas por ponto e vírgula (;)"
        },
        {
            "@type": "Property",
            "name": "energy_consumption",
            "schema": "double"
        },
        {
            "@type": "Property",
            "name": "water_consumption",
            "schema": "double"
        },
        {
            "@type": "Property",
            "name": "timestamp",
            "schema": "dateTime"
        },
        {
            "@type": "Property",
            "name": "last_audit",
            "schema": "dateTime"
        },
        {
            "@type": "Property",
            "name": "anual_profit",
            "schema": "double"
        },
        {
            "@type": "Property",
            "name": "anual_expenses",
            "schema": "double"
        },
        {
            "@type": "Property",
            "name": "num_employees",
            "schema": "integer"
        },
        {
            "@type": "Relationship",
            "name": "produces",
            "target": "dtmi:DigitalTwin:RawProduct;1"
        }
    ]
}