{
    "@id": "dtmi:DigitalTwin:Seller;1",
    "@type": "Interface",
    "displayName": "Seller",
    "@context": "dtmi:dtdl:context;2",
    "contents": [
        {
            "@type": "Property",
            "name": "id",
            "schema": "string"
        },
        {
            "@type": "Property",
            "name": "name",
            "schema": "string"
        },
        {
            "@type": "Property",
            "name": "type",
            "schema": "string"
        },
        {
            "@type": "Property",
            "name": "location",
            "schema": {
                "type": "object",
                "fields": [
                    {
                        "name": "latitude",
                        "type": "double"
                    },
                    {   
                        "name": "longitude",
                        "type": "double"
                    },
                    {
                        "name": "street",
                        "type": "string"
                    },
                    {
                        "name": "city",
                        "type": "string"
                    },
                    {
                        "name": "country",
                        "type": "string"
                    }
                ]
            }
        },
        {
            "@type": "Property",
            "name": "certification",
            "schema": "string"
        },
        {
            "@type": "Property",
            "name": "contact",
            "schema": "string"
        },
        {
            "@type": "Property",
            "name": "ecological_footprint",
            "schema": "double"
        },
        {
            "@type": "Property",
            "name": "waste_generation",
            "schema": "double"
        },
        {
            "@type": "Property",
            "name": "energy_consumption",
            "schema": "double"
        },
        {
            "@type": "Property",
            "name": "water_consumption",
            "schema": "double"
        },
        {
            "@type": "Property",
            "name": "timestamp",
            "schema": "dateTime"
        },
        {
            "@type": "Property",
            "name": "last_audit",
            "schema": "dateTime"
        },
        {
            "@type": "Property",
            "name": "anual_profit",
            "schema": "double"
        },
        {
            "@type": "Property",
            "name": "anual_expenses",
            "schema": "double"
        },
        {
            "@type": "Property",
            "name": "quantity_sold",
            "schema": "double"
        },
        {
            "@type": "Property",
            "name": "num_employees",
            "schema": "integer"
        },
        {
            "@type": "Property",
            "name": "num_female_employees",
            "schema": "integer"
        },
        {
            "@type": "Property",
            "name": "num_male_employees",
            "schema": "integer"
        },
        {
            "@type": "Relationship",
            "name": "sells",
            "target": "dtmi:DigitalTwin:Product;1"
        }
    ]
}